SA00001-Notification,ReceiveReply
SA00001-SolicitResponse,ReceiveReply
SA00002-OverloadedOperationNames,ReceiveReply
SA00003-ProcessExitAndCatchAR,Scope-Compensate
SA00003-ProcessExitAndCatchCCF,Scope-Compensate
SA00003-ProcessExitAndCatchCRec,Scope-Compensate
SA00003-ProcessExitAndCatchCReq,Scope-Compensate
SA00003-ProcessExitAndCatchCV,Scope-Compensate
SA00003-ProcessExitAndCatchIBC,Scope-Compensate
SA00003-ProcessExitAndCatchIEV,Scope-Compensate
SA00003-ProcessExitAndCatchIV,Scope-Compensate
SA00003-ProcessExitAndCatchMAF,Scope-Compensate
SA00003-ProcessExitAndCatchMRep,Scope-Compensate
SA00003-ProcessExitAndCatchMReq,Scope-Compensate
SA00003-ProcessExitAndCatchSF,Scope-Compensate
SA00003-ProcessExitAndCatchSIF,Scope-Compensate
SA00003-ProcessExitAndCatchSLEF,Scope-Compensate
SA00003-ProcessExitAndCatchUPR,Scope-Compensate
SA00003-ProcessExitAndCatchUR,Scope-Compensate
SA00003-ProcessExitAndCatchUV,Scope-Compensate
SA00003-ProcessExitAndCatchXIS,Scope-Compensate
SA00003-ProcessExitAndCatchXSNF,Scope-Compensate
SA00003-ScopeInheritedScopeInhertedProcessYesCatchAR,Scope-TerminationHandlers
SA00003-ScopeInheritedScopeInhertedProcessYesCatchCCF,Scope-TerminationHandlers
SA00003-ScopeInheritedScopeInhertedProcessYesCatchCRec,Scope-TerminationHandlers
SA00003-ScopeInheritedScopeInhertedProcessYesCatchCReq,Scope-TerminationHandlers
SA00003-ScopeInheritedScopeInhertedProcessYesCatchCV,Scope-TerminationHandlers
SA00003-ScopeInheritedScopeInhertedProcessYesCatchIBC,Scope-TerminationHandlers
SA00003-ScopeInheritedScopeInhertedProcessYesCatchIEV,Scope-TerminationHandlers
SA00003-ScopeInheritedScopeInhertedProcessYesCatchIV,Scope-TerminationHandlers
SA00003-ScopeInheritedScopeInhertedProcessYesCatchMAF,Scope-TerminationHandlers
SA00003-ScopeInheritedScopeInhertedProcessYesCatchMRep,Scope-TerminationHandlers
SA00003-ScopeInheritedScopeInhertedProcessYesCatchMReq,Scope-TerminationHandlers
SA00003-ScopeInheritedScopeInhertedProcessYesCatchSF,Scope-TerminationHandlers
SA00003-ScopeInheritedScopeInhertedProcessYesCatchSIF,Scope-TerminationHandlers
SA00003-ScopeInheritedScopeInhertedProcessYesCatchSLEF,Scope-TerminationHandlers
SA00003-ScopeInheritedScopeInhertedProcessYesCatchUPR,Scope-TerminationHandlers
SA00003-ScopeInheritedScopeInhertedProcessYesCatchUR,Scope-TerminationHandlers
SA00003-ScopeInheritedScopeInhertedProcessYesCatchUV,Scope-TerminationHandlers
SA00003-ScopeInheritedScopeInhertedProcessYesCatchXIS,Scope-TerminationHandlers
SA00003-ScopeInheritedScopeInhertedProcessYesCatchXSNF,Scope-TerminationHandlers
SA00003-ScopeInheritedScopeYesProcessDefaultCatchAR,Scope-TerminationHandlers
SA00003-ScopeInheritedScopeYesProcessDefaultCatchCCF,Scope-TerminationHandlers
SA00003-ScopeInheritedScopeYesProcessDefaultCatchCRec,Scope-TerminationHandlers
SA00003-ScopeInheritedScopeYesProcessDefaultCatchCReq,Scope-TerminationHandlers
SA00003-ScopeInheritedScopeYesProcessDefaultCatchCV,Scope-TerminationHandlers
SA00003-ScopeInheritedScopeYesProcessDefaultCatchIBC,Scope-TerminationHandlers
SA00003-ScopeInheritedScopeYesProcessDefaultCatchIEV,Scope-TerminationHandlers
SA00003-ScopeInheritedScopeYesProcessDefaultCatchIV,Scope-TerminationHandlers
SA00003-ScopeInheritedScopeYesProcessDefaultCatchMAF,Scope-TerminationHandlers
SA00003-ScopeInheritedScopeYesProcessDefaultCatchMRep,Scope-TerminationHandlers
SA00003-ScopeInheritedScopeYesProcessDefaultCatchMReq,Scope-TerminationHandlers
SA00003-ScopeInheritedScopeYesProcessDefaultCatchSF,Scope-TerminationHandlers
SA00003-ScopeInheritedScopeYesProcessDefaultCatchSIF,Scope-TerminationHandlers
SA00003-ScopeInheritedScopeYesProcessDefaultCatchSLEF,Scope-TerminationHandlers
SA00003-ScopeInheritedScopeYesProcessDefaultCatchUPR,Scope-TerminationHandlers
SA00003-ScopeInheritedScopeYesProcessDefaultCatchUR,Scope-TerminationHandlers
SA00003-ScopeInheritedScopeYesProcessDefaultCatchUV,Scope-TerminationHandlers
SA00003-ScopeInheritedScopeYesProcessDefaultCatchXIS,Scope-TerminationHandlers
SA00003-ScopeInheritedScopeYesProcessDefaultCatchXSNF,Scope-TerminationHandlers
SA00003-ScopeInheritedScopeYesProcessNoCatchAR,Scope-TerminationHandlers
SA00003-ScopeInheritedScopeYesProcessNoCatchCCF,Scope-TerminationHandlers
SA00003-ScopeInheritedScopeYesProcessNoCatchCRec,Scope-TerminationHandlers
SA00003-ScopeInheritedScopeYesProcessNoCatchCReq,Scope-TerminationHandlers
SA00003-ScopeInheritedScopeYesProcessNoCatchCV,Scope-TerminationHandlers
SA00003-ScopeInheritedScopeYesProcessNoCatchIBC,Scope-TerminationHandlers
SA00003-ScopeInheritedScopeYesProcessNoCatchIEV,Scope-TerminationHandlers
SA00003-ScopeInheritedScopeYesProcessNoCatchIV,Scope-TerminationHandlers
SA00003-ScopeInheritedScopeYesProcessNoCatchMAF,Scope-TerminationHandlers
SA00003-ScopeInheritedScopeYesProcessNoCatchMRep,Scope-TerminationHandlers
SA00003-ScopeInheritedScopeYesProcessNoCatchMReq,Scope-TerminationHandlers
SA00003-ScopeInheritedScopeYesProcessNoCatchSF,Scope-TerminationHandlers
SA00003-ScopeInheritedScopeYesProcessNoCatchSIF,Scope-TerminationHandlers
SA00003-ScopeInheritedScopeYesProcessNoCatchSLEF,Scope-TerminationHandlers
SA00003-ScopeInheritedScopeYesProcessNoCatchUPR,Scope-TerminationHandlers
SA00003-ScopeInheritedScopeYesProcessNoCatchUR,Scope-TerminationHandlers
SA00003-ScopeInheritedScopeYesProcessNoCatchUV,Scope-TerminationHandlers
SA00003-ScopeInheritedScopeYesProcessNoCatchXIS,Scope-TerminationHandlers
SA00003-ScopeInheritedScopeYesProcessNoCatchXSNF,Scope-TerminationHandlers
SA00003-ScopeInheritedScopeYesProcessYesCatchAR,Scope-TerminationHandlers
SA00003-ScopeInheritedScopeYesProcessYesCatchCCF,Scope-TerminationHandlers
SA00003-ScopeInheritedScopeYesProcessYesCatchCRec,Scope-TerminationHandlers
SA00003-ScopeInheritedScopeYesProcessYesCatchCReq,Scope-TerminationHandlers
SA00003-ScopeInheritedScopeYesProcessYesCatchCV,Scope-TerminationHandlers
SA00003-ScopeInheritedScopeYesProcessYesCatchIBC,Scope-TerminationHandlers
SA00003-ScopeInheritedScopeYesProcessYesCatchIEV,Scope-TerminationHandlers
SA00003-ScopeInheritedScopeYesProcessYesCatchIV,Scope-TerminationHandlers
SA00003-ScopeInheritedScopeYesProcessYesCatchMAF,Scope-TerminationHandlers
SA00003-ScopeInheritedScopeYesProcessYesCatchMRep,Scope-TerminationHandlers
SA00003-ScopeInheritedScopeYesProcessYesCatchMReq,Scope-TerminationHandlers
SA00003-ScopeInheritedScopeYesProcessYesCatchSF,Scope-TerminationHandlers
SA00003-ScopeInheritedScopeYesProcessYesCatchSIF,Scope-TerminationHandlers
SA00003-ScopeInheritedScopeYesProcessYesCatchSLEF,Scope-TerminationHandlers
SA00003-ScopeInheritedScopeYesProcessYesCatchUPR,Scope-TerminationHandlers
SA00003-ScopeInheritedScopeYesProcessYesCatchUR,Scope-TerminationHandlers
SA00003-ScopeInheritedScopeYesProcessYesCatchUV,Scope-TerminationHandlers
SA00003-ScopeInheritedScopeYesProcessYesCatchXIS,Scope-TerminationHandlers
SA00003-ScopeInheritedScopeYesProcessYesCatchXSNF,Scope-TerminationHandlers
SA00003-ScopeInheritProcessYesCatchAR,Scope-FaultHandlers
SA00003-ScopeInheritProcessYesCatchCCF,Scope-FaultHandlers
SA00003-ScopeInheritProcessYesCatchCRec,Scope-FaultHandlers
SA00003-ScopeInheritProcessYesCatchCReq,Scope-FaultHandlers
SA00003-ScopeInheritProcessYesCatchCV,Scope-FaultHandlers
SA00003-ScopeInheritProcessYesCatchIBC,Scope-FaultHandlers
SA00003-ScopeInheritProcessYesCatchIEV,Scope-FaultHandlers
SA00003-ScopeInheritProcessYesCatchIV,Scope-FaultHandlers
SA00003-ScopeInheritProcessYesCatchMAF,Scope-FaultHandlers
SA00003-ScopeInheritProcessYesCatchMRep,Scope-FaultHandlers
SA00003-ScopeInheritProcessYesCatchMReq,Scope-FaultHandlers
SA00003-ScopeInheritProcessYesCatchSF,Scope-FaultHandlers
SA00003-ScopeInheritProcessYesCatchSIF,Scope-FaultHandlers
SA00003-ScopeInheritProcessYesCatchSLEF,Scope-FaultHandlers
SA00003-ScopeInheritProcessYesCatchUPR,Scope-FaultHandlers
SA00003-ScopeInheritProcessYesCatchUR,Scope-FaultHandlers
SA00003-ScopeInheritProcessYesCatchUV,Scope-FaultHandlers
SA00003-ScopeInheritProcessYesCatchXIS,Scope-FaultHandlers
SA00003-ScopeInheritProcessYesCatchXSNF,Scope-FaultHandlers
SA00003-ScopeYesProcessDefaultCatchAR,Scope-FaultHandlers
SA00003-ScopeYesProcessDefaultCatchCCF,Scope-FaultHandlers
SA00003-ScopeYesProcessDefaultCatchCRec,Scope-FaultHandlers
SA00003-ScopeYesProcessDefaultCatchCReq,Scope-FaultHandlers
SA00003-ScopeYesProcessDefaultCatchCV,Scope-FaultHandlers
SA00003-ScopeYesProcessDefaultCatchIBC,Scope-FaultHandlers
SA00003-ScopeYesProcessDefaultCatchIEV,Scope-FaultHandlers
SA00003-ScopeYesProcessDefaultCatchIV,Scope-FaultHandlers
SA00003-ScopeYesProcessDefaultCatchMAF,Scope-FaultHandlers
SA00003-ScopeYesProcessDefaultCatchMRep,Scope-FaultHandlers
SA00003-ScopeYesProcessDefaultCatchMReq,Scope-FaultHandlers
SA00003-ScopeYesProcessDefaultCatchSF,Scope-FaultHandlers
SA00003-ScopeYesProcessDefaultCatchSIF,Scope-FaultHandlers
SA00003-ScopeYesProcessDefaultCatchSLEF,Scope-FaultHandlers
SA00003-ScopeYesProcessDefaultCatchUPR,Scope-FaultHandlers
SA00003-ScopeYesProcessDefaultCatchUR,Scope-FaultHandlers
SA00003-ScopeYesProcessDefaultCatchUV,Scope-FaultHandlers
SA00003-ScopeYesProcessDefaultCatchXIS,Scope-FaultHandlers
SA00003-ScopeYesProcessDefaultCatchXSNF,Scope-FaultHandlers
SA00003-ScopeYesProcessNoCatchAR,Scope-FaultHandlers
SA00003-ScopeYesProcessNoCatchCCF,Scope-FaultHandlers
SA00003-ScopeYesProcessNoCatchCRec,Scope-FaultHandlers
SA00003-ScopeYesProcessNoCatchCReq,Scope-FaultHandlers
SA00003-ScopeYesProcessNoCatchCV,Scope-FaultHandlers
SA00003-ScopeYesProcessNoCatchIBC,Scope-FaultHandlers
SA00003-ScopeYesProcessNoCatchIEV,Scope-FaultHandlers
SA00003-ScopeYesProcessNoCatchIV,Scope-FaultHandlers
SA00003-ScopeYesProcessNoCatchMAF,Scope-FaultHandlers
SA00003-ScopeYesProcessNoCatchMRep,Scope-FaultHandlers
SA00003-ScopeYesProcessNoCatchMReq,Scope-FaultHandlers
SA00003-ScopeYesProcessNoCatchSF,Scope-FaultHandlers
SA00003-ScopeYesProcessNoCatchSIF,Scope-FaultHandlers
SA00003-ScopeYesProcessNoCatchSLEF,Scope-FaultHandlers
SA00003-ScopeYesProcessNoCatchUPR,Scope-FaultHandlers
SA00003-ScopeYesProcessNoCatchUR,Scope-FaultHandlers
SA00003-ScopeYesProcessNoCatchUV,Scope-FaultHandlers
SA00003-ScopeYesProcessNoCatchXIS,Scope-FaultHandlers
SA00003-ScopeYesProcessNoCatchXSNF,Scope-FaultHandlers
SA00003-ScopeYesProcessYesCatchAR,Scope-FaultHandlers
SA00003-ScopeYesProcessYesCatchCCF,Scope-FaultHandlers
SA00003-ScopeYesProcessYesCatchCRec,Scope-FaultHandlers
SA00003-ScopeYesProcessYesCatchCReq,Scope-FaultHandlers
SA00003-ScopeYesProcessYesCatchCV,Scope-FaultHandlers
SA00003-ScopeYesProcessYesCatchIBC,Scope-FaultHandlers
SA00003-ScopeYesProcessYesCatchIEV,Scope-FaultHandlers
SA00003-ScopeYesProcessYesCatchIV,Scope-FaultHandlers
SA00003-ScopeYesProcessYesCatchMAF,Scope-FaultHandlers
SA00003-ScopeYesProcessYesCatchMRep,Scope-FaultHandlers
SA00003-ScopeYesProcessYesCatchMReq,Scope-FaultHandlers
SA00003-ScopeYesProcessYesCatchSF,Scope-FaultHandlers
SA00003-ScopeYesProcessYesCatchSIF,Scope-FaultHandlers
SA00003-ScopeYesProcessYesCatchSLEF,Scope-FaultHandlers
SA00003-ScopeYesProcessYesCatchUPR,Scope-FaultHandlers
SA00003-ScopeYesProcessYesCatchUR,Scope-FaultHandlers
SA00003-ScopeYesProcessYesCatchUV,Scope-FaultHandlers
SA00003-ScopeYesProcessYesCatchXIS,Scope-FaultHandlers
SA00003-ScopeYesProcessYesCatchXSNF,Scope-FaultHandlers
SA00003-ScopeYesScopeInhertedProcessDefaultCatchAR,Scope-TerminationHandlers
SA00003-ScopeYesScopeInhertedProcessDefaultCatchCCF,Scope-TerminationHandlers
SA00003-ScopeYesScopeInhertedProcessDefaultCatchCRec,Scope-TerminationHandlers
SA00003-ScopeYesScopeInhertedProcessDefaultCatchCReq,Scope-TerminationHandlers
SA00003-ScopeYesScopeInhertedProcessDefaultCatchCV,Scope-TerminationHandlers
SA00003-ScopeYesScopeInhertedProcessDefaultCatchIBC,Scope-TerminationHandlers
SA00003-ScopeYesScopeInhertedProcessDefaultCatchIEV,Scope-TerminationHandlers
SA00003-ScopeYesScopeInhertedProcessDefaultCatchIV,Scope-TerminationHandlers
SA00003-ScopeYesScopeInhertedProcessDefaultCatchMAF,Scope-TerminationHandlers
SA00003-ScopeYesScopeInhertedProcessDefaultCatchMRep,Scope-TerminationHandlers
SA00003-ScopeYesScopeInhertedProcessDefaultCatchMReq,Scope-TerminationHandlers
SA00003-ScopeYesScopeInhertedProcessDefaultCatchSF,Scope-TerminationHandlers
SA00003-ScopeYesScopeInhertedProcessDefaultCatchSIF,Scope-TerminationHandlers
SA00003-ScopeYesScopeInhertedProcessDefaultCatchSLEF,Scope-TerminationHandlers
SA00003-ScopeYesScopeInhertedProcessDefaultCatchUPR,Scope-TerminationHandlers
SA00003-ScopeYesScopeInhertedProcessDefaultCatchUR,Scope-TerminationHandlers
SA00003-ScopeYesScopeInhertedProcessDefaultCatchUV,Scope-TerminationHandlers
SA00003-ScopeYesScopeInhertedProcessDefaultCatchXIS,Scope-TerminationHandlers
SA00003-ScopeYesScopeInhertedProcessDefaultCatchXSNF,Scope-TerminationHandlers
SA00003-ScopeYesScopeInhertedProcessNoCatchAR,Scope-TerminationHandlers
SA00003-ScopeYesScopeInhertedProcessNoCatchCCF,Scope-TerminationHandlers
SA00003-ScopeYesScopeInhertedProcessNoCatchCRec,Scope-TerminationHandlers
SA00003-ScopeYesScopeInhertedProcessNoCatchCReq,Scope-TerminationHandlers
SA00003-ScopeYesScopeInhertedProcessNoCatchCV,Scope-TerminationHandlers
SA00003-ScopeYesScopeInhertedProcessNoCatchIBC,Scope-TerminationHandlers
SA00003-ScopeYesScopeInhertedProcessNoCatchIEV,Scope-TerminationHandlers
SA00003-ScopeYesScopeInhertedProcessNoCatchIV,Scope-TerminationHandlers
SA00003-ScopeYesScopeInhertedProcessNoCatchMAF,Scope-TerminationHandlers
SA00003-ScopeYesScopeInhertedProcessNoCatchMRep,Scope-TerminationHandlers
SA00003-ScopeYesScopeInhertedProcessNoCatchMReq,Scope-TerminationHandlers
SA00003-ScopeYesScopeInhertedProcessNoCatchSF,Scope-TerminationHandlers
SA00003-ScopeYesScopeInhertedProcessNoCatchSIF,Scope-TerminationHandlers
SA00003-ScopeYesScopeInhertedProcessNoCatchSLEF,Scope-TerminationHandlers
SA00003-ScopeYesScopeInhertedProcessNoCatchUPR,Scope-TerminationHandlers
SA00003-ScopeYesScopeInhertedProcessNoCatchUR,Scope-TerminationHandlers
SA00003-ScopeYesScopeInhertedProcessNoCatchUV,Scope-TerminationHandlers
SA00003-ScopeYesScopeInhertedProcessNoCatchXIS,Scope-TerminationHandlers
SA00003-ScopeYesScopeInhertedProcessNoCatchXSNF,Scope-TerminationHandlers
SA00003-ScopeYesScopeInhertedProcessYesCatchAR,Scope-TerminationHandlers
SA00003-ScopeYesScopeInhertedProcessYesCatchCCF,Scope-TerminationHandlers
SA00003-ScopeYesScopeInhertedProcessYesCatchCRec,Scope-TerminationHandlers
SA00003-ScopeYesScopeInhertedProcessYesCatchCReq,Scope-TerminationHandlers
SA00003-ScopeYesScopeInhertedProcessYesCatchCV,Scope-TerminationHandlers
SA00003-ScopeYesScopeInhertedProcessYesCatchIBC,Scope-TerminationHandlers
SA00003-ScopeYesScopeInhertedProcessYesCatchIEV,Scope-TerminationHandlers
SA00003-ScopeYesScopeInhertedProcessYesCatchIV,Scope-TerminationHandlers
SA00003-ScopeYesScopeInhertedProcessYesCatchMAF,Scope-TerminationHandlers
SA00003-ScopeYesScopeInhertedProcessYesCatchMRep,Scope-TerminationHandlers
SA00003-ScopeYesScopeInhertedProcessYesCatchMReq,Scope-TerminationHandlers
SA00003-ScopeYesScopeInhertedProcessYesCatchSF,Scope-TerminationHandlers
SA00003-ScopeYesScopeInhertedProcessYesCatchSIF,Scope-TerminationHandlers
SA00003-ScopeYesScopeInhertedProcessYesCatchSLEF,Scope-TerminationHandlers
SA00003-ScopeYesScopeInhertedProcessYesCatchUPR,Scope-TerminationHandlers
SA00003-ScopeYesScopeInhertedProcessYesCatchUR,Scope-TerminationHandlers
SA00003-ScopeYesScopeInhertedProcessYesCatchUV,Scope-TerminationHandlers
SA00003-ScopeYesScopeInhertedProcessYesCatchXIS,Scope-TerminationHandlers
SA00003-ScopeYesScopeInhertedProcessYesCatchXSNF,Scope-TerminationHandlers
SA00003-ScopeYesScopeNoProcessDefaultCatchAR,Scope-TerminationHandlers
SA00003-ScopeYesScopeNoProcessDefaultCatchCCF,Scope-TerminationHandlers
SA00003-ScopeYesScopeNoProcessDefaultCatchCRec,Scope-TerminationHandlers
SA00003-ScopeYesScopeNoProcessDefaultCatchCReq,Scope-TerminationHandlers
SA00003-ScopeYesScopeNoProcessDefaultCatchCV,Scope-TerminationHandlers
SA00003-ScopeYesScopeNoProcessDefaultCatchIBC,Scope-TerminationHandlers
SA00003-ScopeYesScopeNoProcessDefaultCatchIEV,Scope-TerminationHandlers
SA00003-ScopeYesScopeNoProcessDefaultCatchIV,Scope-TerminationHandlers
SA00003-ScopeYesScopeNoProcessDefaultCatchMAF,Scope-TerminationHandlers
SA00003-ScopeYesScopeNoProcessDefaultCatchMRep,Scope-TerminationHandlers
SA00003-ScopeYesScopeNoProcessDefaultCatchMReq,Scope-TerminationHandlers
SA00003-ScopeYesScopeNoProcessDefaultCatchSF,Scope-TerminationHandlers
SA00003-ScopeYesScopeNoProcessDefaultCatchSIF,Scope-TerminationHandlers
SA00003-ScopeYesScopeNoProcessDefaultCatchSLEF,Scope-TerminationHandlers
SA00003-ScopeYesScopeNoProcessDefaultCatchUPR,Scope-TerminationHandlers
SA00003-ScopeYesScopeNoProcessDefaultCatchUR,Scope-TerminationHandlers
SA00003-ScopeYesScopeNoProcessDefaultCatchUV,Scope-TerminationHandlers
SA00003-ScopeYesScopeNoProcessDefaultCatchXIS,Scope-TerminationHandlers
SA00003-ScopeYesScopeNoProcessDefaultCatchXSNF,Scope-TerminationHandlers
SA00003-ScopeYesScopeNoProcessNoCatchAR,Scope-TerminationHandlers
SA00003-ScopeYesScopeNoProcessNoCatchCCF,Scope-TerminationHandlers
SA00003-ScopeYesScopeNoProcessNoCatchCRec,Scope-TerminationHandlers
SA00003-ScopeYesScopeNoProcessNoCatchCReq,Scope-TerminationHandlers
SA00003-ScopeYesScopeNoProcessNoCatchCV,Scope-TerminationHandlers
SA00003-ScopeYesScopeNoProcessNoCatchIBC,Scope-TerminationHandlers
SA00003-ScopeYesScopeNoProcessNoCatchIEV,Scope-TerminationHandlers
SA00003-ScopeYesScopeNoProcessNoCatchIV,Scope-TerminationHandlers
SA00003-ScopeYesScopeNoProcessNoCatchMAF,Scope-TerminationHandlers
SA00003-ScopeYesScopeNoProcessNoCatchMRep,Scope-TerminationHandlers
SA00003-ScopeYesScopeNoProcessNoCatchMReq,Scope-TerminationHandlers
SA00003-ScopeYesScopeNoProcessNoCatchSF,Scope-TerminationHandlers
SA00003-ScopeYesScopeNoProcessNoCatchSIF,Scope-TerminationHandlers
SA00003-ScopeYesScopeNoProcessNoCatchSLEF,Scope-TerminationHandlers
SA00003-ScopeYesScopeNoProcessNoCatchUPR,Scope-TerminationHandlers
SA00003-ScopeYesScopeNoProcessNoCatchUR,Scope-TerminationHandlers
SA00003-ScopeYesScopeNoProcessNoCatchUV,Scope-TerminationHandlers
SA00003-ScopeYesScopeNoProcessNoCatchXIS,Scope-TerminationHandlers
SA00003-ScopeYesScopeNoProcessNoCatchXSNF,Scope-TerminationHandlers
SA00003-ScopeYesScopeNoProcessYesCatchAR,Scope-TerminationHandlers
SA00003-ScopeYesScopeNoProcessYesCatchCCF,Scope-TerminationHandlers
SA00003-ScopeYesScopeNoProcessYesCatchCRec,Scope-TerminationHandlers
SA00003-ScopeYesScopeNoProcessYesCatchCReq,Scope-TerminationHandlers
SA00003-ScopeYesScopeNoProcessYesCatchCV,Scope-TerminationHandlers
SA00003-ScopeYesScopeNoProcessYesCatchIBC,Scope-TerminationHandlers
SA00003-ScopeYesScopeNoProcessYesCatchIEV,Scope-TerminationHandlers
SA00003-ScopeYesScopeNoProcessYesCatchIV,Scope-TerminationHandlers
SA00003-ScopeYesScopeNoProcessYesCatchMAF,Scope-TerminationHandlers
SA00003-ScopeYesScopeNoProcessYesCatchMRep,Scope-TerminationHandlers
SA00003-ScopeYesScopeNoProcessYesCatchMReq,Scope-TerminationHandlers
SA00003-ScopeYesScopeNoProcessYesCatchSF,Scope-TerminationHandlers
SA00003-ScopeYesScopeNoProcessYesCatchSIF,Scope-TerminationHandlers
SA00003-ScopeYesScopeNoProcessYesCatchSLEF,Scope-TerminationHandlers
SA00003-ScopeYesScopeNoProcessYesCatchUPR,Scope-TerminationHandlers
SA00003-ScopeYesScopeNoProcessYesCatchUR,Scope-TerminationHandlers
SA00003-ScopeYesScopeNoProcessYesCatchUV,Scope-TerminationHandlers
SA00003-ScopeYesScopeNoProcessYesCatchXIS,Scope-TerminationHandlers
SA00003-ScopeYesScopeNoProcessYesCatchXSNF,Scope-TerminationHandlers
SA00003-ScopeYesScopeYesProcessDefaultCatchAR,Scope-TerminationHandlers
SA00003-ScopeYesScopeYesProcessDefaultCatchCCF,Scope-TerminationHandlers
SA00003-ScopeYesScopeYesProcessDefaultCatchCRec,Scope-TerminationHandlers
SA00003-ScopeYesScopeYesProcessDefaultCatchCReq,Scope-TerminationHandlers
SA00003-ScopeYesScopeYesProcessDefaultCatchCV,Scope-TerminationHandlers
SA00003-ScopeYesScopeYesProcessDefaultCatchIBC,Scope-TerminationHandlers
SA00003-ScopeYesScopeYesProcessDefaultCatchIEV,Scope-TerminationHandlers
SA00003-ScopeYesScopeYesProcessDefaultCatchIV,Scope-TerminationHandlers
SA00003-ScopeYesScopeYesProcessDefaultCatchMAF,Scope-TerminationHandlers
SA00003-ScopeYesScopeYesProcessDefaultCatchMRep,Scope-TerminationHandlers
SA00003-ScopeYesScopeYesProcessDefaultCatchMReq,Scope-TerminationHandlers
SA00003-ScopeYesScopeYesProcessDefaultCatchSF,Scope-TerminationHandlers
SA00003-ScopeYesScopeYesProcessDefaultCatchSIF,Scope-TerminationHandlers
SA00003-ScopeYesScopeYesProcessDefaultCatchSLEF,Scope-TerminationHandlers
SA00003-ScopeYesScopeYesProcessDefaultCatchUPR,Scope-TerminationHandlers
SA00003-ScopeYesScopeYesProcessDefaultCatchUR,Scope-TerminationHandlers
SA00003-ScopeYesScopeYesProcessDefaultCatchUV,Scope-TerminationHandlers
SA00003-ScopeYesScopeYesProcessDefaultCatchXIS,Scope-TerminationHandlers
SA00003-ScopeYesScopeYesProcessDefaultCatchXSNF,Scope-TerminationHandlers
SA00003-ScopeYesScopeYesProcessNoCatchAR,Scope-TerminationHandlers
SA00003-ScopeYesScopeYesProcessNoCatchCCF,Scope-TerminationHandlers
SA00003-ScopeYesScopeYesProcessNoCatchCRec,Scope-TerminationHandlers
SA00003-ScopeYesScopeYesProcessNoCatchCReq,Scope-TerminationHandlers
SA00003-ScopeYesScopeYesProcessNoCatchCV,Scope-TerminationHandlers
SA00003-ScopeYesScopeYesProcessNoCatchIBC,Scope-TerminationHandlers
SA00003-ScopeYesScopeYesProcessNoCatchIEV,Scope-TerminationHandlers
SA00003-ScopeYesScopeYesProcessNoCatchIV,Scope-TerminationHandlers
SA00003-ScopeYesScopeYesProcessNoCatchMAF,Scope-TerminationHandlers
SA00003-ScopeYesScopeYesProcessNoCatchMRep,Scope-TerminationHandlers
SA00003-ScopeYesScopeYesProcessNoCatchMReq,Scope-TerminationHandlers
SA00003-ScopeYesScopeYesProcessNoCatchSF,Scope-TerminationHandlers
SA00003-ScopeYesScopeYesProcessNoCatchSIF,Scope-TerminationHandlers
SA00003-ScopeYesScopeYesProcessNoCatchSLEF,Scope-TerminationHandlers
SA00003-ScopeYesScopeYesProcessNoCatchUPR,Scope-TerminationHandlers
SA00003-ScopeYesScopeYesProcessNoCatchUR,Scope-TerminationHandlers
SA00003-ScopeYesScopeYesProcessNoCatchUV,Scope-TerminationHandlers
SA00003-ScopeYesScopeYesProcessNoCatchXIS,Scope-TerminationHandlers
SA00003-ScopeYesScopeYesProcessNoCatchXSNF,Scope-TerminationHandlers
SA00003-ScopeYesScopeYesProcessYesCatchAR,Scope-TerminationHandlers
SA00003-ScopeYesScopeYesProcessYesCatchCCF,Scope-TerminationHandlers
SA00003-ScopeYesScopeYesProcessYesCatchCRec,Scope-TerminationHandlers
SA00003-ScopeYesScopeYesProcessYesCatchCReq,Scope-TerminationHandlers
SA00003-ScopeYesScopeYesProcessYesCatchCV,Scope-TerminationHandlers
SA00003-ScopeYesScopeYesProcessYesCatchIBC,Scope-TerminationHandlers
SA00003-ScopeYesScopeYesProcessYesCatchIEV,Scope-TerminationHandlers
SA00003-ScopeYesScopeYesProcessYesCatchIV,Scope-TerminationHandlers
SA00003-ScopeYesScopeYesProcessYesCatchMAF,Scope-TerminationHandlers
SA00003-ScopeYesScopeYesProcessYesCatchMRep,Scope-TerminationHandlers
SA00003-ScopeYesScopeYesProcessYesCatchMReq,Scope-TerminationHandlers
SA00003-ScopeYesScopeYesProcessYesCatchSF,Scope-TerminationHandlers
SA00003-ScopeYesScopeYesProcessYesCatchSIF,Scope-TerminationHandlers
SA00003-ScopeYesScopeYesProcessYesCatchSLEF,Scope-TerminationHandlers
SA00003-ScopeYesScopeYesProcessYesCatchUPR,Scope-TerminationHandlers
SA00003-ScopeYesScopeYesProcessYesCatchUR,Scope-TerminationHandlers
SA00003-ScopeYesScopeYesProcessYesCatchUV,Scope-TerminationHandlers
SA00003-ScopeYesScopeYesProcessYesCatchXIS,Scope-TerminationHandlers
SA00003-ScopeYesScopeYesProcessYesCatchXSNF,Scope-TerminationHandlers
SA00005-InvokeWithNonExistentPortType,Invoke-Async
SA00005-OnEventWithNonExistentPortType,Scope-EventHandlers-Parts
SA00005-OnMessageWithNonExistentPortType,Pick-CreateInstance
SA00005-ReceiveWithNonExistentPortType,Receive
SA00005-ReplyWithNonExistentPortType,ReceiveReply
SA00006-RethrowInCompensationHandler,Scope-Compensate
SA00006-RethrowInElse,If-Else
SA00006-RethrowInElseIf,If-ElseIf
SA00006-RethrowInFlow,Flow
SA00006-RethrowInIf,If
SA00006-RethrowInOnAlarm,Pick-OnAlarm-For
SA00006-RethrowInOnMessage,Pick-OnAlarm-For
SA00006-RethrowInRepeatUntil,RepeatUntil
SA00006-RethrowInScope,Scope-Isolated
SA00006-RethrowInTerminationHandlers,Scope-TerminationHandlers
SA00006-RethrowInWhile,While
SA00006-RethrowOutsideFaultHandlers,Rethrow
SA00007-CompensateScopeInElse,If-Else
SA00007-CompensateScopeInElseIf,If-ElseIf
SA00007-CompensateScopeInFlow,Flow
SA00007-CompensateScopeInIf,If
SA00007-CompensateScopeInOnAlarm,Pick-OnAlarm-For
SA00007-CompensateScopeInOnMessage,Pick-OnAlarm-For
SA00007-CompensateScopeInRepeatUntil,RepeatUntil
SA00007-CompensateScopeInScope,Scope-Isolated
SA00007-CompensateScopeInWhile,While
SA00007-CompensateScopeOutsideFaultHandlers,Invoke-CompensateScope-CompensationHandler
SA00008-CompensateInElse,If-Else
SA00008-CompensateInElseIf,If-ElseIf
SA00008-CompensateInFlow,Flow
SA00008-CompensateInIf,If
SA00008-CompensateInOnAlarm,Pick-OnAlarm-For
SA00008-CompensateInOnMessage,Pick-OnAlarm-For
SA00008-CompensateInRepeatUntil,RepeatUntil
SA00008-CompensateInScope,Scope-Isolated
SA00008-CompensateInWhile,While
SA00008-CompensateOutsideFaultHandlers,Scope-Compensate
SA00010-InvokeUndefinedPartnerLink,Invoke-Async
SA00010-OnEventUndefinedElement,Scope-EventHandlers-Element-InitSync
SA00010-OnEventUndefinedMessageType,Scope-EventHandlers-InitSync
SA00010-OnEventUndefinedPartnerLink,Scope-EventHandlers-InitSync
SA00010-OnMessageUndefinedPartnerLink,Pick-CreateInstance
SA00010-ReceiveUndefinedPartnerLink,ReceiveReply
SA00010-ReplyUndefinedPartnerLink,ReceiveReply
SA00010-UndefinedType-Catch-FaultElement,Scope-FaultHandlers-FaultElement
SA00010-UndefinedType-Catch-FaultMessageType,Rethrow-FaultData
SA00010-UndefinedType-CorrelationSet,Pick-Correlations-InitAsync
SA00010-UndefinedType-From,Assign-PartnerLink
SA00010-UndefinedType-Invoke,Invoke-Async
SA00010-UndefinedType-OnEvent,Scope-EventHandlers-InitSync
SA00010-UndefinedType-OnMessage,Pick-Correlations-InitAsync
SA00010-UndefinedType-PartnerLink,Sequence
SA00010-UndefinedType-Receive,Assign-PartnerLink
SA00010-UndefinedType-Reply,Pick-Correlations-InitAsync
SA00010-UndefinedType-To,Assign-PartnerLink
SA00010-UndefinedType-Variable-Element,Assign-PartnerLink
SA00010-UndefinedType-Variable-MessageType,Assign-PartnerLink
SA00010-UndefinedType-Variable-Type,Assign-PartnerLink
SA00011-Import-WrongNameSpace,Empty
SA00012-Import-NoNameSpace,Empty
SA00013-Import-WrongImportType,Empty
SA00013-WrongXsdImportType,Assign-Validate
SA00014-ImportRedefine_inWSDL_attributeGroup,Sequence
SA00014-ImportRedefine_inWSDL_complexType,Sequence
SA00014-ImportRedefine_inWSDL_group,Sequence
SA00014-ImportRedefine_inWSDL_simpleType,Sequence
SA00014-ImportRedefine_inXSD_attributeGroup,Sequence
SA00014-ImportRedefine_inXSD_complexType,Sequence
SA00014-ImportRedefine_inXSD_group,Sequence
SA00014-ImportRedefine_inXSD_simpleType,Sequence
SA00014-ImportWsdlDoubleAttributeGroup,Sequence
SA00014-ImportWsdlDoubleComplexType,Sequence
SA00014-ImportWsdlDoubleElement,Sequence
SA00014-ImportWsdlDoubleGroup,Sequence
SA00014-ImportWsdlDoubleMessage,Sequence
SA00014-ImportWsdlDoubleOperation,Sequence
SA00014-ImportWsdlDoublePartnerLinkType,Sequence
SA00014-ImportWsdlDoublePortType,Sequence
SA00014-ImportWsdlDoubleProperty,Sequence
SA00014-ImportWsdlDoubleSimpleType,Sequence
SA00014-ImportWsdlXsdDoubleAttributeGroup,Sequence
SA00014-ImportWsdlXsdDoubleComplexType,Sequence
SA00014-ImportWsdlXsdDoubleElement,Sequence
SA00014-ImportWsdlXsdDoubleGroup,Sequence
SA00014-ImportWsdlXsdDoubleSimpleType,Sequence
SA00014-ImportXsdDoubleAttributeGroup,Sequence
SA00014-ImportXsdDoubleComplexType,Sequence
SA00014-ImportXsdDoubleElement,Sequence
SA00014-ImportXsdDoubleGroup,Sequence
SA00014-ImportXsdDoubleSimpleType,Sequence
SA00015-NoActivityWithCreateInstanceSetToYes,ReceiveReply
SA00015-OnlyActivityWithCreateInstanceSetToNo,ReceiveReply
SA00015-PickCreateInstanceMissing,Pick-CreateInstance
SA00015-PickCreateInstanceNo,Pick-CreateInstance
SA00016-PartnerLinkWithoutMyRoleAndPartnerRole,ReceiveReply
SA00017-InitializePartnerRoleUsedOnPartnerLinkWithoutPartnerRole,Invoke-Sync
SA00018-ScopeSamePartnerLinkTwice,Scope-PartnerLinks
SA00018-TwoPartnerLinksWithSameName,ReceiveReply
SA00019-PropertyWithoutTypeOrElement,ReceiveReply
SA00019-PropertyWithTypeAndElement,ReceiveReply
SA00020-PropertyAlias-AllOptionalAttributes,Empty
SA00020-PropertyAlias-MessageTypeAttribute,Empty
SA00020-PropertyAlias-MessageTypeElementAttributes,Empty
SA00020-PropertyAlias-MessageTypePartElementAttributes,Empty
SA00020-PropertyAlias-MessageTypePartTypeAttributes,Empty
SA00020-PropertyAlias-MessageTypeTypeAttributes,Empty
SA00020-PropertyAlias-MessageTypeTypeElementAttributes,Empty
SA00020-PropertyAlias-NoOptionalAttributes,Empty
SA00020-PropertyAlias-PartAttribute,Empty
SA00020-PropertyAlias-PartElementAttributes,Empty
SA00020-PropertyAlias-PartTypeAttributes,Empty
SA00020-PropertyAlias-PartTypeElementAttributes,Empty
SA00020-PropertyAlias-TypeElementAttributes,Empty
SA00022-Duplicate-propertyAliasElement,Empty
SA00022-Duplicate-propertyAliasMessageType,Empty
SA00022-Duplicate-propertyAliasType,Empty
SA00023-Process-Duplicated-Variables,Variables-DefaultInitialization
SA00023-Scope-Duplicated-Variables,Scope-Variables
SA00024-Variable-containing-dot,Variables-DefaultInitialization
SA00025-Variable-havingMessageTypeAndElement,Variables-DefaultInitialization
SA00025-Variable-havingTypeAndElement,Variables-DefaultInitialization
SA00025-Variable-havingTypeAndMessageType,Variables-DefaultInitialization
SA00025-Variable-havingTypeAndMessageTypeAndElement,Variables-DefaultInitialization
SA00025-Variable-missingMessageTypeAndTypeAndElement,Variables-DefaultInitialization
SA00032-FromExpressionEndpointReference,Assign-Expression-From
SA00032-FromExpressionLanguageOnly,Assign-ExpressionLanguage-From
SA00032-FromExpressionLanguageSuperfliciousAttributes,Assign-ExpressionLanguage-From
SA00032-FromExpressionLiteral,Assign-Expression-From
SA00032-FromExpressionPart,Assign-Expression-From
SA00032-FromExpressionPartnerLink,Assign-Expression-From
SA00032-FromExpressionProperty,Assign-Expression-From
SA00032-FromExpressionQuery,Assign-Expression-From
SA00032-FromExpressionVariable,Assign-Expression-From
SA00032-FromExpressionWithLanguageEndpointReference,Assign-ExpressionLanguage-From
SA00032-FromExpressionWithLanguageLiteral,Assign-ExpressionLanguage-From
SA00032-FromExpressionWithLanguagePartnerLink,Assign-ExpressionLanguage-From
SA00032-FromExpressionWithLanguageProperty,Assign-ExpressionLanguage-From
SA00032-FromExpressionWithLanguageVariable,Assign-ExpressionLanguage-From
SA00032-FromLiteralEndpointReference,Assign-Literal
SA00032-FromLiteralpartnerLink,Assign-Literal
SA00032-FromLiteralProperty,Assign-Literal
SA00032-FromLiteralSuperfliciousAttribute,Assign-Literal
SA00032-FromLiteralVariable,Assign-Literal
SA00032-FromMessageTypeVariableSuperfliciousAttribute,Assign-Expression-To
SA00032-FromPartEndpointReference,Sequence
SA00032-FromPartExpression,Sequence
SA00032-FromPartnerLinkExpression,Assign-PartnerLink-PartnerRole
SA00032-FromPartnerLinkExpressionLanguage,Assign-PartnerLink-PartnerRole
SA00032-FromPartnerLinkLiteral,Assign-PartnerLink-PartnerRole
SA00032-FromPartnerLinkProperty,Assign-PartnerLink-PartnerRole
SA00032-FromPartnerLinkSuperfliciousAttribute,Assign-PartnerLink-PartnerRole
SA00032-FromPartnerLinkSuperfliciousChild,Assign-PartnerLink-PartnerRole
SA00032-FromPartnerLinkVariable,Assign-PartnerLink-PartnerRole
SA00032-FromPartPartnerLink,Sequence
SA00032-FromPropertyEndpointReference,Assign-Property
SA00032-FromPropertyExpression,Assign-Property
SA00032-FromPropertyExpressionLanguage,Assign-Property
SA00032-FromPropertyLiteral,Assign-Property
SA00032-FromPropertyPartnerLink,Assign-Property
SA00032-FromQueryEndpointReference,Assign-Copy-Query
SA00032-FromQueryExpression,Assign-Copy-Query
SA00032-FromQueryExpressionLanguage,Assign-Copy-Query
SA00032-FromQueryExpressionLanguageExpression,Assign-Copy-Query
SA00032-FromQueryPartEndpointReference,Assign-Copy-Query
SA00032-FromQueryPartExpression,Assign-Copy-Query
SA00032-FromQueryPartExpressionLanguage,Assign-Copy-Query
SA00032-FromQueryPartnerLink,Assign-Copy-Query
SA00032-FromQueryPartPartnerLink,Assign-Copy-Query
SA00032-FromVariablePropertySuperfliciousAttribute,Assign-Property
SA00032-FromVariablePropertySuperfliciousChild,Assign-Property
SA00032-FromVariableSuperfliciousChild,Assign-Expression-To
SA00032-ToExpressionLanguageOnly,Assign-ExpressionLanguage-To
SA00032-ToExpressionLanguageSuperfliciousAttributes,Assign-ExpressionLanguage-To
SA00032-ToExpressionPart,Assign-Expression-To
SA00032-ToExpressionPartnerLink,Assign-Expression-To
SA00032-ToExpressionProperty,Assign-Expression-To
SA00032-ToExpressionQuery,Assign-Expression-To
SA00032-ToExpressionVariable,Assign-Expression-To
SA00032-ToExpressionWithLanguagePartnerLink,Assign-ExpressionLanguage-To
SA00032-ToExpressionWithLanguageProperty,Assign-ExpressionLanguage-To
SA00032-ToExpressionWithLanguageVariable,Assign-ExpressionLanguage-To
SA00032-ToMessageTypeVariableSuperfluousAttribute,Assign-Expression-From
SA00032-ToPartExpression,Sequence
SA00032-ToPartnerLinkExpressionLanguage,Assign-PartnerLink
SA00032-ToPartnerLinkProperty,Assign-PartnerLink
SA00032-ToPartnerLinkSuperfliciousAttribute,Assign-PartnerLink
SA00032-ToPartnerLinkSuperfliciousChild,Assign-PartnerLink
SA00032-ToPartnerLinkVariable,Assign-PartnerLink
SA00032-ToPartPartnerLink,Sequence
SA00032-ToPropertyExpression,Assign-To-Property
SA00032-ToPropertyExpressionLanguage,Assign-To-Property
SA00032-ToPropertyPartnerLink,Assign-To-Property
SA00032-ToQueryExpression,Assign-To-Query
SA00032-ToQueryExpressionLanguage,Assign-To-Query
SA00032-ToQueryExpressionLanguageExpression,Assign-To-Query
SA00032-ToQueryPartExpression,Assign-To-Query
SA00032-ToQueryPartExpressionLanguage,Assign-To-Query
SA00032-ToQueryPartnerLink,Assign-To-Query
SA00032-ToQueryPartPartnerLink,Assign-To-Query
SA00032-ToVariablePropertySuperfliciousAttribute,Assign-To-Property
SA00032-ToVariablePropertySuperfliciousChild,Assign-To-Property
SA00034-FromElementVariablePartAttribute,Assign-Element-Variable
SA00034-FromForEachPart,ForEach-Read-Counter
SA00034-FromOnEventElementVariablePartAttribute,Scope-EventHandlers-Element-InitAsync
SA00034-FromTypeVariablePartAttribute,Variables-DefaultInitialization
SA00034-ToElementVariablePartAttribute,Assign-Element-Variable
SA00034-ToForEachPart,ForEach-Write-Counter
SA00034-ToOnEventElementVariablePartAttribute,Scope-EventHandlers-Element-InitAsync
SA00034-ToTypeVariablePartAttribute,Assign-Validate
SA00035-FromLinkTypeMyRolePartnerLinkWithoutMyRole,Assign-PartnerLink-PartnerRole
SA00036-FromPartnerRoleWithoutPartnerRolePartnerLink,Assign-PartnerLink-PartnerRole
SA00037-ToLinkTypeWithoutPartnerRolePartnerLink,Assign-PartnerLink-PartnerRole
SA00044-Process-CorrelationSet-Ambiguous,ReceiveReply-Multiple-MessageExchanges
SA00044-Scope-CorrelationSets-Ambiguous,Scope-CorrelationSets-InitAsync
SA00045-Property-TypeComplexType,ReceiveReply-Correlation-InitAsync
SA00045-Property-TypeMissing,ReceiveReply-Correlation-InitAsync
SA00046-Invoke-OneWay-Correlation-Pattern,Invoke-Correlation-Pattern-InitAsync
SA00046-Invoke-RequestResponse-Correlation-PatternMissing,Invoke-Correlation-Pattern-InitAsync
SA00047-EmptyMessage-Invoke-FromParts,Invoke-FromParts
SA00047-EmptyMessage-Invoke-ToParts,Invoke-ToParts
SA00047-EmptyMessage-OnEvent-FromParts,Scope-EventHandlers-Parts
SA00047-EmptyMessage-OnMessage-FromParts,Pick-CreateInstance-FromParts
SA00047-EmptyMessage-Receive-FromParts,ReceiveReply-FromParts
SA00047-EmptyMessage-Reply-ToParts,ReceiveReply-ToParts
SA00047-Invoke-OneWay-NoInputVariable-NoToParts,Invoke-Async
SA00047-Invoke-RequestResponse-NoOutputVariable-NoFromParts,Invoke-FromParts
SA00047-NoVariable-NoFromPart-OnEvent,Scope-EventHandlers-Parts
SA00047-NoVariable-NoFromPart-OnMessage,Pick-CreateInstance-FromParts
SA00047-NoVariable-NoFromPart-Receive,ReceiveReply-FromParts
SA00047-NoVariable-NoToPart-Reply,ReceiveReply-ToParts
SA00048-InputVariable-MessageType-Message-NotFound,Invoke-Async
SA00048-InputVariable-Type-MessageManyParts,Invoke-Async
SA00048-InputVariable-Type-MessageOnePart-NotFound,Invoke-Async
SA00048-InputVariableDifferentElement,Invoke-Async
SA00048-InputVariableEmptyDifferentMessageType,Invoke-Async
SA00048-InputVariableEmptyElement,Invoke-Async
SA00048-InputVariableEmptyType,Invoke-Async
SA00048-InputVariableTwoPartsDifferentElement,Invoke-Async
SA00048-InputVariableTwoPartsDifferentMessageType,Invoke-Async
SA00048-InputVariableTwoPartsType,Invoke-Async
SA00048-OutputVariable-MessageType-Message-NotFound,Invoke-Sync
SA00048-OutputVariable-Type-MessageManyParts,Invoke-Sync
SA00048-OutputVariable-Type-MessageOnePart-NotFound,Invoke-Sync
SA00048-OutputVariableDifferentElement,Invoke-Sync
SA00048-OutputVariableEmptyDifferentMessageType,Invoke-Sync
SA00048-OutputVariableEmptyElement,Invoke-Sync
SA00048-OutputVariableEmptyType,Invoke-Sync
SA00048-OutputVariableTwoPartsDifferentElement,Invoke-Sync
SA00048-OutputVariableTwoPartsDifferentMessageType,Invoke-Sync
SA00048-OutputVariableTwoPartsType,Invoke-Sync
SA00050-Invoke-MissingToPart,Invoke-ToParts
SA00050-Receive-MissingToPart,ReceiveReply-ToParts
SA00051-Invoke-ToPartsAndInputVariable,Invoke-ToParts
SA00052-Invoke-FromPartsAndOutputVariable,Invoke-FromParts
SA00053-Invoke-FromPartDifferingFromMessageDefinition,Invoke-FromParts
SA00053-OnEvent-FromPartDifferingFromMessageDefinition,Scope-EventHandlers-Parts
SA00053-OnMessage-FromPartDifferingFromMessageDefinition,Pick-Correlations-InitSync
SA00053-Receive-FromPartDifferingFromMessageDefinition,ReceiveReply-FromParts
SA00054-Invoke-ToPartDifferingFromMessageDefinition,Invoke-ToParts
SA00054-Reply-ToPartDifferingFromMessageDefinition,ReceiveReply-ToParts
SA00055-Receive-WithFromPartElementAndVariableAttribute,ReceiveReply-FromParts
SA00057-OnMessageCorrelationYesAndJoin,Flow-Two-Starting-OnMessage-Correlation
SA00057-OnMessageDifferentCorrelationJoinAndJoin,Flow-Two-Starting-OnMessage-Correlation
SA00057-OnMessageDifferentCorrelationYesAndJoin,Flow-Two-Starting-OnMessage-Correlation
SA00057-OnMessageReceiveCorrelationYesAndJoin,Flow-Starting-Receive-OnMessage-Correlation
SA00057-OnMessageReceiveDifferentCorrelationJoinAndJoin,Flow-Starting-Receive-OnMessage-Correlation
SA00057-OnMessageReceiveDifferentCorrelationYesAndJoin,Flow-Starting-Receive-OnMessage-Correlation
SA00057-OnMessageReceiveSingleCorrelation,Flow-Starting-Receive-OnMessage-Correlation
SA00057-OnMessageSingleCorrelation,Flow-Two-Starting-OnMessage-Correlation
SA00057-ReceiveCorrelationYesAndJoin,Flow-Two-Starting-Receive-Correlation
SA00057-ReceiveDifferentCorrelationJoinAndJoin,Flow-Two-Starting-Receive-Correlation
SA00057-ReceiveDifferentCorrelationYesAndJoin,Flow-Two-Starting-Receive-Correlation
SA00057-ReceiveSingleCorrelation,Flow-Two-Starting-Receive-Correlation
SA00058-ReceiveDeviantMessageType,ReceiveReply
SA00058-ReceiveDeviantType,ReceiveReply
SA00058-ReceiveEmptyElement,ReceiveReply
SA00058-ReceiveEmptyMessageType,ReceiveReply
SA00058-ReceiveEmptyType,ReceiveReply
SA00058-ReceiveTwoPartsDeviantMessageType,ReceiveReply
SA00058-ReceiveTwoPartsDifferentElement,ReceiveReply
SA00058-ReceiveTwoPartsPartType,ReceiveReply
SA00058-ReceiveTwoPartsType,ReceiveReply
SA00058-ReceiveType,ReceiveReply
SA00058-ReplyDeviantMessageType,ReceiveReply
SA00058-ReplyDeviantType,ReceiveReply
SA00058-ReplyEmptyElement,ReceiveReply
SA00058-ReplyEmptyMessageType,ReceiveReply
SA00058-ReplyEmptyType,ReceiveReply
SA00058-ReplyTwoPartsDifferentElement,ReceiveReply
SA00058-ReplyTwoPartsPartType,ReceiveReply
SA00058-ReplyTwoPartsType,ReceiveReply
SA00058-ReplyTwoPartsTypeDeviantMessageType,ReceiveReply
SA00058-ReplyType,ReceiveReply
SA00059-Reply-WithToPartElementAndVariableAttribute,ReceiveReply-ToParts
SA00061-NoMessageExchangeOnEvent,Scope-EventHandlers-Scope-MessageExchange-InitSync
SA00061-NoMessageExchangeOnEventReply,Scope-EventHandlers-Scope-MessageExchange-InitSync
SA00061-NoMessageExchangeOnMessage,Pick-MessageExchange-Scope
SA00061-NoMessageExchangeOnMessageReply,Pick-MessageExchange-Scope
SA00061-NoMessageExchangeReceive,Scope-MessageExchanges
SA00061-NoMessageExchangeReceiveReply,Scope-MessageExchanges
SA00061-OnEventMessageExchangeNotInProcess,Scope-EventHandlers-MessageExchange-InitSync
SA00061-OnEventMessageExchangeNotInScope,Scope-EventHandlers-Scope-MessageExchange-InitSync
SA00061-OnEventNoMessageExchangeInProcess,Scope-EventHandlers-MessageExchange-InitSync
SA00061-OnEventReplyMessageExchangeNotInProcess,Scope-EventHandlers-MessageExchange-InitSync
SA00061-OnEventReplyMessageExchangeNotInScope,Scope-EventHandlers-Scope-MessageExchange-InitSync
SA00061-OnMessageMessageExchangeNotInProcess,Pick-MessageExchange
SA00061-OnMessageMessageExchangeNotInScope,Pick-MessageExchange-Scope
SA00061-OnMessageMessageExchangeOutOfScope,Pick-MessageExchange-Scope
SA00061-OnMessageNoMessageExchangeInProcess,Pick-MessageExchange
SA00061-OnMessageReplyMessageExchangeNotInProcess,Pick-MessageExchange
SA00061-OnMessageReplyMessageExchangeNotInScope,Pick-MessageExchange-Scope
SA00061-ReceiveMessageExchangeNotInProcess,ReceiveReply-MessageExchanges
SA00061-ReceiveMessageExchangeNotInScope,Scope-MessageExchanges
SA00061-ReceiveMessageExchangeOutOfScope,Scope-MessageExchanges
SA00061-ReceiveNoMessageExchangeInProcess,ReceiveReply-MessageExchanges
SA00061-ReceiveReplyMessageExchangeNotInProcess,ReceiveReply-MessageExchanges
SA00061-ReceiveReplyMessageExchangeNotInScope,Scope-MessageExchanges
SA00061-ScopeBothOnEventReached,Scope-EventHandlers-Scope-MessageExchange-InitSync
SA00061-ScopeBothOnEventReachedBoth,Scope-EventHandlers-Scope-MessageExchange-InitSync
SA00061-ScopeBothOnEventReplyReached,Scope-EventHandlers-Scope-MessageExchange-InitSync
SA00061-ScopeBothOnMessageNotReached,Pick-MessageExchange-Scope
SA00061-ScopeBothOnMessageReplyReached,Pick-MessageExchange-Scope
SA00061-ScopeBothReceiveReached,Scope-MessageExchanges
SA00061-ScopeBothReceiveReplyReached,Scope-MessageExchanges
SA00061-ScopeOnEventNotReached,Scope-EventHandlers-Scope-MessageExchange-InitSync
SA00061-ScopeOnEventReplyNotReached,Scope-EventHandlers-Scope-MessageExchange-InitSync
SA00061-ScopeOnMessageNotReached,Pick-MessageExchange-Scope
SA00061-ScopeOnMessageReplyNotReached,Pick-MessageExchange-Scope
SA00061-ScopeReceiveNotReachable,Scope-MessageExchanges
SA00061-ScopeReceiveReplyNotReachable,Scope-MessageExchanges
SA00062-Pick-CreateInstanceWithOnAlarm,Pick-CreateInstance
SA00063-OnMessage-With-FromPartAndAttributeVariable,Pick-CreateInstance-FromParts
SA00064-LinkNameDuplicate,Flow-Links
SA00065-SourceLinkIsMissing,Flow-Links
SA00065-SourceLinkOutOfFlow,Flow-Links
SA00065-TargetLinkIsMissing,Flow-Links
SA00065-TargetLinkOutOfFlow,Flow-Links
SA00066-LinkNoSource,Flow-Links
SA00066-LinkNoTarget,Flow-Links
SA00066-LinkTwoSources,Flow-GraphExample
SA00066-LinkTwoSourcesNoTarget,Flow-GraphExample
SA00066-LinkTwoTargets,Flow-GraphExample
SA00066-LinkTwoTargetsNoSource,Flow-GraphExample
SA00067-DoubleLink,Flow-Links
SA00068-LinkSourceDuplicate,Flow-Links
SA00069-LinkTargetDuplicate,Flow-Links
SA00070-LinkOutOfCompensationHandler,Scope-Compensate-Flow
SA00070-LinkOutOfEventHandlers,Scope-EventHandlers-InitSync
SA00070-LinkOutOfForEach,ForEach-Flow
SA00070-LinkOutOfRepeatUntil,RepeatUntil-Flow
SA00070-LinkOutOfWhile,While-Flow
SA00070-SourceOutOfCompensationHandler,Scope-Compensate-Flow
SA00070-SourceOutOfEventHandlers,Scope-EventHandlers-InitSync
SA00070-SourceOutOfForEach,ForEach-Flow
SA00070-SourceOutOfRepeatUntil,RepeatUntil-Flow
SA00070-SourceOutOfWhile,While-Flow
SA00070-TargetOutOfCompensationHandler,Scope-Compensate-Flow
SA00070-TargetOutOfEventHandlers,Scope-EventHandlers-InitSync
SA00070-TargetOutOfForEach,ForEach-Flow
SA00070-TargetOutOfRepeatUntil,RepeatUntil-Flow
SA00070-TargetOutOfWhile,While-Flow
SA00071-CatchAllIncommingLink,Scope-FaultHandlers-OutboundLink-CatchAll
SA00071-CatchIncommingLink,Scope-FaultHandlers-OutboundLink
SA00071-TerminationHandlerIncommingLink,Scope-TerminationHandlers-OutboundLink
SA00072-FlowCyclic,Flow-Links
SA00072-FlowSelfLinked,Flow-Links
SA00076-ForEach-DuplicateCounterVariable,ForEach
SA00078-InvokeMissingFCHandler,Invoke-CompensateScope-CompensationHandler
SA00078-ScopeMissingFCHandler,Scope-CompensateScope
SA00079-CompensationHandlerInCatchAllRootScope,Scope-FaultHandlers-CatchAll
SA00079-CompensationHandlerInCatchRootScope,Scope-FaultHandlers-CatchOrder
SA00079-HandlersCompensationInCompensationRootScope,Scope-Compensate
SA00079-HandlersCompensationInTerminationRootScope,Scope-TerminationHandlers
SA00080-EmptyFaultHandlersInProcess,Scope-FaultHandlers
SA00080-EmptyFaultHandlersInScope,Scope-FaultHandlers
SA00081-CatchElement,Scope-FaultHandlers-FaultElement
SA00081-CatchType,Scope-FaultHandlers-CatchOrder
SA00081-CatchTypeElement,Scope-FaultHandlers-FaultElement
SA00081-CatchVariable,Scope-FaultHandlers-CatchOrder
SA00081-CatchVariableTypeElement,Scope-FaultHandlers-FaultElement
SA00082-CyclicLinkedPeerScopes,Flow-GraphExample
SA00083-EmptyEventHandlersInProcess,ReceiveReply
SA00083-EmptyEventHandlersInScope,ReceiveReply
SA00084-OnEventScopeDifferingPartnerLinkRole,Scope-EventHandlers-InitSync
SA00085-OnEventFormPartsElement,Scope-EventHandlers-Parts
SA00085-OnEventFormPartsElementMessageType,Scope-EventHandlers-Parts
SA00085-OnEventFormPartsMessageType,Scope-EventHandlers-Parts
SA00085-OnEventFormPartsVariableElement,Scope-EventHandlers-Parts
SA00085-OnEventFormPartsVariableMessageType,Scope-EventHandlers-Parts
SA00086-OnEventExplicitFromPartToVaribaleDoublicate,Scope-EventHandlers-Parts
SA00086-OnEventExplicitVaribaleDoublicate,Scope-EventHandlers-InitSync
SA00087-OnEventDifferentElementEmpty,Scope-EventHandlers-Element-InitSync
SA00087-OnEventDifferentElementOnePart,Scope-EventHandlers-Element-InitSync
SA00087-OnEventDifferentElementTwoPart,Scope-EventHandlers-Element-InitSync
SA00087-OnEventDifferentMessageTypeNoPart,Scope-EventHandlers-InitSync
SA00087-OnEventDifferentMessageTypeOnePart,Scope-EventHandlers-InitSync
SA00087-OnEventDifferentMessageTypeTwoPart,Scope-EventHandlers-InitSync
SA00087-OnEventElementEmpty,Scope-EventHandlers-Element-InitSync
SA00087-OnEventElementTwoParts,Scope-EventHandlers-Element-InitSync
SA00088-OnEventCorrelationWrongType,Scope-EventHandlers-InitSync
SA00089-OnEventNoMessageExchange,Scope-EventHandlers-Internal-MessageExchange-InitSync
SA00090-OnEventVariable,Scope-EventHandlers-InitSync
SA00090-OnEventVariableElementMessageType,Scope-EventHandlers-InitSync
SA00091-IsolatedScopeInIsolatedSope,Scope-Isolated
SA00092-ScopeNameDuplicate,Scope-Isolated
SA00092-ScopeNameDuplicateInScope,Scope-Variables-Overwriting
SA00093-ProcessSameCatchFaultElement,Process-FaultHandlers-CatchOrder
SA00093-ProcessSameCatchFaultElementFaultName,Process-FaultHandlers-FaultElement
SA00093-ProcessSameCatchFaultMessageType,Process-FaultHandlers-CatchOrder
SA00093-ProcessSameCatchFaultMessageTypeFaultName,Process-FaultHandlers-CatchOrder
SA00093-ProcessSameCatchFaultName,Process-FaultHandlers-CatchOrder
SA00093-SameCatchFaultElement,Scope-FaultHandlers-FaultElement
SA00093-SameCatchFaultElementFaultName,Scope-FaultHandlers-FaultElement
SA00093-SameCatchFaultMessageType,Scope-FaultHandlers-CatchOrder
SA00093-SameCatchFaultMessageTypeFaultName,Scope-FaultHandlers-CatchOrder
SA00093-SameCatchFaultName,Scope-FaultHandlers-CatchOrder
SA00095-OnEventVariableOutboundUseAssign,Scope-EventHandlers-InitSync
